id,text,title,venue,year,doi,authors
10.1109/ccgrid49817.2020.00-93,"Human-centric Software Engineering for Next Generation Cloud- and Edge-based Smart Living Applications.. Humans are a key part of software development, including customers, designers, coders, testers and end users. In this keynote talk I explain why incorporating human-centric issues into software engineering for next-generation applications is critical. I use several examples from our recent and current work on handling human-centric issues when engineering various ‘smart living’ cloud- and edge-based software systems. This includes using human-centric, domain-specific visual models for non-technical experts to specify and generate data analysis applications; personality impact on aspects of software activites; incorporating end user emotions into software requirements engineering for smart homes; incorporating human usage patterns into emerging edge computing applications; visualising smart city-related data; reporting diverse software usability defects; and human-centric security and privacy requirements for smart living systems. I assess the usefulness of these approaches, highlight some outstanding research challenges, and briefly discuss our current work on new human-centric approaches to software engineering for smart living applications",Human-centric Software Engineering for Next Generation Cloud- and Edge-based Smart Living Applications.,CCGRID,2020,10.1109/ccgrid49817.2020.00-93,John Grundy (Monash University)
10.1109/ccgrid49817.2020.00-92,"A Pattern-Based API for Mapping Applications to a Hierarchy of Multi-Core Devices.. Recent years have witnessed an evolution of Internet of Things (IoT) devices. This has lead to the emergence of (related) paradigms of Edge/Fog computing, where the goal is to exploit the power of interconnected heterogeneous devices together with distributed/cloud computing. In Edge/Fog computing, one of the challenges is automatically distributing the work between different devices to reduce application latency. At the same time, with increasing transistor density and the end of Denard scaling, even small edge devices have parallelism. Thus, we need a programming model that can help distribute the work between different devices and yet parallelize operations on each device.(p)(/p)Motivated by the popularity of MapReduce(-like) frame-works, we develop a pattern-based high-level programming API targeting computer vision applications for the Edge/Fog paradigm with parallelism within devices. Based on this API, parallelization, workload distribution, and optimizations that account for resource limitations of IoT devices, are implemented. Our evaluation with three image processing applications shows that while using a single device, we achieve 17-45% speedup over OpenCV, one of the most popular frameworks for image processing. In addition, we further gain benefits from distributing the work between multiple devices",A Pattern-Based API for Mapping Applications to a Hierarchy of Multi-Core Devices.,CCGRID,2020,10.1109/ccgrid49817.2020.00-92,Jia Guo (The Ohio State University); Radu Teodorescu (The Ohio State University); Gagan Agrawal (Augusta University)
10.1109/ccgrid49817.2020.00-91,"Reliability Management for Blockchain-Based Decentralized Multi-Cloud.. Blockchain-based decentralized multi-cloud has the potential to reduce cloud infrastructure costs and to enable geographically distributed providers of any size to monetize their computational resources. In this context, guarantees that the computational results are delivered within the promised time and budget must be provided despite the limited information available about the location and ownership of resources. Providers might claim to execute the services to get compensated for the computation even though returning incomplete or incorrect results. In this paper, we define a model to predict provider reliability, that is, the probability of failure-free execution of computational tasks and correctness of the computed outputs, by extracting the potential dependencies between providers from historical log traces. This model can then be utilized in the definition of provider reputation or the scheduling of new services. Indeed, we propose a probabilistic scheduler that chooses the providers that meet the reliability constraints among others. Finally, we validate the proposed solutions with real traces from a decentralized cloud provider and hint at the benefits of predicting reliability in this context",Reliability Management for Blockchain-Based Decentralized Multi-Cloud.,CCGRID,2020,10.1109/ccgrid49817.2020.00-91,Atakan Aral (TU Wien); Rafael Brundo Uriarte (TU Wien); Anthony Simonet-Boulogne; Ivona Brandić (TU Wien)
10.1109/ccgrid49817.2020.00-90,"Co-Utile Peer-to-Peer Decentralized Computing.. Outsourcing computation allows wielding huge computational power. Even though cloud computing is the most usual type of outsourcing, resorting to idle edge devices for decentralized computation is an increasingly attractive alternative. We tackle the problem of making peer honesty and thus computation correctness self-enforcing in decentralized computing with untrusted peers. To do so, we leverage the co-utility property, which characterizes a situation in which honest co-operation is the best rational option to take even for purely selfish agents; in particular, if a protocol is co-utile, it is self-enforcing. Reputation is a powerful incentive that can make a P2P protocol co-utile. We present a co-utile P2P decentralized computing protocol that builds on a decentralized reputation calculation, which is itself co-utile and therefore self-enforcing. In this protocol, peers are given a computational task including code and data and they are incentivized to compute it correctly. Based also on co-utile reputation, we then present a protocol for federated learning, whereby peers compute on their local private data and have no incentive to randomly attack or poison the model. Our experiments show the viability of our co-utile approach to obtain correct results in both decentralized computation and federated learning",Co-Utile Peer-to-Peer Decentralized Computing.,CCGRID,2020,10.1109/ccgrid49817.2020.00-90,Josep Domingo-Ferrer; Alberto Blanco-Justicia; David Sánchez; Najeeb Moharram Jebreel
10.1109/ccgrid49817.2020.00-89,"Performance Optimization for Edge-Cloud Serverless Platforms via Dynamic Task Placement.. We present a framework for performance optimization in serverless edge-cloud platforms using dynamic task placement. We focus on applications for smart edge devices, for example, smart cameras or speakers, that need to perform processing tasks on input data in real to near-real time. Our framework allows the user to specify cost and latency requirements for each application task, and for each input, it determines whether to execute the task on the edge device or in the cloud. Further, for cloud executions, the framework identifies the container resource configuration needed to satisfy the performance goals. We have evaluated our framework in simulation using measurements collected from serverless applications in AWS Lambda and AWS Greengrass. In addition, we have implemented a prototype of our framework that runs in these same platforms. In experiments with our prototype, our models can predict average end-to-end latency with less than 6% error, and we obtain almost three orders of magnitude reduction in end-to-end latency compared to edge-only execution",Performance Optimization for Edge-Cloud Serverless Platforms via Dynamic Task Placement.,CCGRID,2020,10.1109/ccgrid49817.2020.00-89,Anirban Das (Rensselaer Polytechnic Institute); Shigeru Imai (Rensselaer Polytechnic Institute); Stacy Patterson (Rensselaer Polytechnic Institute); Mike P. Wittie (Montana State University)
10.1109/ccgrid49817.2020.00-88,"NFV Placement in Resource-Scarce Edge Nodes.. Multi-access Edge Computing (MEC) is a new networking paradigm considered to be one of the enablers of 5G networks. In particular, it allows for network operators to provide low latency services by moving the service logic from centralized datacenters to small distributed locations at the edge of a network. However, computing and storage resources at these edge nodes are scarce and thus efficient resource allocation becomes an essential building block in any MEC orchestration solution.In this paper we address one particular challenge in this domain - how to place network functions at the edge nodes in a way that maximizes the customers benefit. Thus, we formulate the Capacitated MEC Allocation Problem (CMAP) and provide multiple algorithms with analytical performance guarantees for this problem. Furthermore, we use extensive simulations to evaluate the performance of our algorithms in realistic scenarios and show that they outperform both the analytical worst case guarantees, as well as currently used network function placement methods",NFV Placement in Resource-Scarce Edge Nodes.,CCGRID,2020,10.1109/ccgrid49817.2020.00-88,Yaron Fairstein (Technion – Israel Institute of Technology); Dor Harris (Technion – Israel Institute of Technology); Joseph Naor (Technion – Israel Institute of Technology); Danny Raz (Technion – Israel Institute of Technology)
10.1109/ccgrid49817.2020.00-87,"NAMB: A Quick and Flexible Stream Processing Application Prototype Generator.. The importance of Big Data is nowadays established, both in industry and research fields, especially stream processing for its capability to analyze continuous data streams and provide statistics in real-time. Several data stream processing (DSP) platforms exist like the Storm, Flink, Spark Streaming and Heron Apache projects, or industrial products such as Google MillWheel. Usually, each platform is tested and analyzed using either specifically crafted benchmarks or realistic applications. Unfortunately, these applications are only briefly described and their source code is generally not available. Hence, making quick evaluations often involves rewriting complete applications on different platforms. The lack of a generic prototype application also makes it difficult for a developer to quickly evaluate the impact of some design choices.To address these issues, we present NAMB (Not only A Micro-Benchmark), a generic application prototype generator for DSP platforms. Given a high-level description of a stream processing application and its workload, NAMB automatically generates the code for different platforms. It features a flexible architecture which makes it easy to support new platforms. We demonstrate the benefits of our proposal to quickly generate application prototypes as well as benchmarks used in published papers. Overall, our approach provides easily replicable, comparable and customizable prototypes for data stream platforms. Moreover, NAMB provides similar performance in terms of latency and throughput to existing benchmarks, while only requiring a simple high-level description",NAMB: A Quick and Flexible Stream Processing Application Prototype Generator.,CCGRID,2020,10.1109/ccgrid49817.2020.00-87,"Alessio Pagliari (Laboratoire d'Informatique, Signaux et Systèmes de Sophia Antipolis; Centre National de la Recherche Scientifique); Fabrice Huet (Centre National de la Recherche Scientifique; Laboratoire d'Informatique, Signaux et Systèmes de Sophia Antipolis); Guillaume Urvoy-Keller (Laboratoire d'Informatique, Signaux et Systèmes de Sophia Antipolis; Centre National de la Recherche Scientifique)"
10.1109/ccgrid49817.2020.00-86,"Merge, Split, and Cluster: Dynamic Deployment of Stream Processing Applications.. Stream Processing (SP) is now a major paradigm to timely handle large volumes of data generated at the edge of the Internet. Stream processing engines (SPE) are tools easing the specification, deployment and monitoring of SP applications. Such applications are typically programmed as a directed acyclic graph (DAG) of operators to be applied on each data item. Yet, SPEs are mostly equipped to deploy one application at a time without seeking synergies between those applications. Yet, in many domains, the set of operators composing applications overlap for a non-negligible amount. We envision a platform on which applications are submitted dynamically, each new graph of operators potentially sharing some of them with the currently running operators. We assume a homogeneous platform, a graph being deployed over multiple nodes. We need to minimize the inter-node traffic while guaranteeing that the capacity of a node is not exceeded. This paper presents the Merge, Split and Cluster approach: each time a new DAG of operators is submitted, i) its operators are first merged with the already running operators, ii) if an operator’s load thus created exceeds the nodes’ capacity, the operators gets split into several instances, and iii) the operators of the resulting graph are clustered, each cluster being hosted by a single node so as to maximize intra-node traffic. Two heuristics are proposed for this last phase. Simulation results show that i) merging allows to drastically reduce the needs in computing resources, and ii) that the heuristic provides an efficient clustering minimizing the intra-node traffic","Merge, Split, and Cluster: Dynamic Deployment of Stream Processing Applications.",CCGRID,2020,10.1109/ccgrid49817.2020.00-86,Aymen Jlassi (Institut de Recherche en Informatique et Systèmes Aléatoires; University of Rennes; Centre National de la Recherche Scientifique); Cédric Tedeschi (Institut de Recherche en Informatique et Systèmes Aléatoires; University of Rennes; Centre National de la Recherche Scientifique)
10.1109/ccgrid49817.2020.00-85,"Robustness-oriented k Edge Server Placement.. Mobile Edge Computing (MEC) is an emerging and prospective computing paradigm that supports low-latency content delivery. In a MEC environment, edge servers are attached to base stations or access points in closer proximity to end-users to reduce the end-to-end latency in their access to online content. From an edge infrastructure provider’s perspective, a cost-effective k edge server placement (kESP) places k edge servers within a particular geographic area to maximize their coverage. However, in the distributed MEC environment, edge servers are often subject to failures due to various reasons, e.g., software exceptions, hardware faults, cyberattacks, etc. End-users connected to a failed edge server have to access online content from the remote cloud if they are not covered by any other edge servers. This significantly jeopardizes end-users’ quality of experience. Thus, the robustness of an edge server network must be considered in edge server placement. In this paper, we formally model this Robustness-oriented k Edge Server Placement (RkESP) problem, and prove that finding the optimal solution to this problem is $\mathcal{N}\mathcal{P}$-hard. Thus, we firstly propose an integer programming based optimal approach, namely Opt, to find optimal solutions to small-scale RkESP problems. Then, we propose an approximate approach, namely Approx, for solving large-scale RkESP problems efficiently with an O(k)-approximation ratio. Finally, the performance of the two approaches is experimentally evaluated against five state-of-the-art approaches on a real-world dataset and a large-scale synthesized dataset",Robustness-oriented k Edge Server Placement.,CCGRID,2020,10.1109/ccgrid49817.2020.00-85,Guangming Cui; Qiang He; Xiaoyu Xia; Feifei Chen; Hai Jin; Yun Yang
10.1109/ccgrid49817.2020.00-84,"REDEMON: Resilient Decentralized Monitoring System for Edge Infrastructures.. The Guifi.net community network has evolved during the past 15 years into a telecommunications infrastructure that offers Internet access to more than 80.000 people. The monitoring system currently in place for this network is lagging behind the growth of the infrastructure, requiring manual intervention and counting several single points of failure. In this paper we present REDEMON, a resilient decentralized monitoring system, hosted on distributed and interconnected edge devices, for a reliable, eventually-consistent monitoring of the Guifi.net network, leveraging CRDT-based data structures implemented on AntidoteDB. We developed the REDEMON system as a prototype featuring resilience, decentralization and automation, in order to replace the legacy monitoring system. To assess the system, this prototype was deployed on resource-constraint edge nodes in the Guifi.net production network and evaluated under realistic conditions. The decentralized assignment mechanism successfully achieves setting the minimum number of monitoring servers per network device that satisfies the established system requirements. Besides, by concentrating the workload on the minimum required number of servers running at their maximum capacity, the remaining devices can idle away, reducing the consumption footprint of the system. With regard to computing resources, we measure a moderate CPU and RAM usage by the monitoring system on low-capacity devices, while we observe that a considerable network traffic is required for achieving a resilient and consistent data storage layer. This resilient and decentralized architecture could lay the basis for other edge applications in the cloud computing domain that need to coordinate over distributed and consistent shared data",REDEMON: Resilient Decentralized Monitoring System for Edge Infrastructures.,CCGRID,2020,10.1109/ccgrid49817.2020.00-84,Roger Pueyo Centelles (Universitat Politècnica de Catalunya); Mennan Selimi (Universitat Politècnica de Catalunya); Fèlix Freitag (Universitat Politècnica de Catalunya); Leandro Navarro (Universitat Politècnica de Catalunya)
10.1109/ccgrid49817.2020.00-83,"Design and Characterization of InfiniBand Hardware Tag Matching in MPI.. Message Passing Interface (MPI) standard uses (source rank, tag, and communicator id) to properly place the incoming data into the application receive buffer. The act of searching through the receive queues and finding the appropriate match is called Tag Matching (TM). In the state-of-the-art MPI libraries, this operation is either being performed by the main thread or a separate communication progress thread. Either way leads to underutilization of the resources and major synchronization overheads leading to less optimal performance. Mellanox ConnectX-5 network architecture has introduced a feature to offload the Tag Matching and communication progress from host to InfiniBand network card. This paper proposes a Hardware Tag Matching aware MPI library and discusses various aspects and challenges of leveraging this feature in MPI library. Moreover, it characterizes hardware Tag Matching using different benchmarks and provides guidelines for the application developers to develop Hardware Tag Matching-aware applications to maximize their usage of this feature. Our proposed designs are able to improve the performance of non-blocking collectives up to 42% on 512 nodes and improve the performance of 3Dstencil application kernel on 7168 processes and Nekbone on 512 processes by a factor 40% and 3.5%, respectively",Design and Characterization of InfiniBand Hardware Tag Matching in MPI.,CCGRID,2020,10.1109/ccgrid49817.2020.00-83,Mohammadreza Bayatpour; S. Mahdieh Ghazimirsaeed; Shulei Xu; Hari Subramoni; Dhabaleswar K. Panda
10.1109/ccgrid49817.2020.00-82,"Characterizing Accuracy-Aware Resilience of GPGPU Applications.. Graphics Processing Units (GPUs) have rapidly evolved to enable energy-efficient data-parallel computing. In addition to achieving exascale performance at a stringent power budget, it is imperative for GPUs to provide reliable computing guarantees to the end user. In current commodity systems, such guarantees are often achieved by incurring high protection cost in terms of performance, power, and hardware resources. However, we argue that these strict guarantees are often not required (and that the associated protected overheads can be significantly reduced) because several GPGPU applications are either fault-tolerant or can accept a quantifiable loss in output quality. To this end, this paper characterizes in a hierarchical manner the accuracy-aware resilience of GPGPU applications consisting of thousands of threads. This characterization study shows that accuracy-aware error resilience exhibits several interesting patterns across threads at different hierarchies (i.e., kernel/thread-block/warp). The insights from this characterization study can be used to reduce the overheads of expensive protection or recovery mechanisms that are typically used by GPUs to ensure application reliability",Characterizing Accuracy-Aware Resilience of GPGPU Applications.,CCGRID,2020,10.1109/ccgrid49817.2020.00-82,Bin Nie; Adwait Jog; Evgenia Smirni
10.1109/ccgrid49817.2020.00-81,"Multi-site Connectivity for Edge Infrastructures : DIMINET: DIstributed Module for Inter-site NETworking.. The deployment of a geo-distributed cloud infrastructure, leveraging for instance Point-of-Presences at the edge of the network, could better fit the requirements of Network Function Virtualization services and Internet of Things applications. The envisioned architecture to operate such a widely distributed infrastructure relies on executing one instance of a Virtual Infrastructure Manager (VIM) per location and implement appropriate code to enable collaborations between them when needed. However, delivering the mechanisms that allow the collaborations is complex and error prone task. This is particularly true for the one in charge of establishing connectivity among VIM instances on-demand. Besides the reconfiguration of the network equipment, the main challenge is to design a mechanism that can offer usual network virtualization operations to the users while dealing with scalability and intermittent network properties of geo-distributed infrastructures.In this paper, we present how such a challenge can be tackled in the context of OpenStack. More precisely, we introduce DIMINET, a DIstributed Module for Inter-site NETworking services capable to interconnect independent networking resources in an automatized and transparent manner. DIMINET relies on a decentralized architecture where each agent communicates with others only if needed. Moreover, there is no global view of all networking resources but each agent is in charge of interconnecting resources that have been created locally. This approach enables us to mitigate management traffic and keep each site operational in case of network partitions. A promising approach to make other cloud-services collaborative on-demand",Multi-site Connectivity for Edge Infrastructures : DIMINET: DIstributed Module for Inter-site NETworking.,CCGRID,2020,10.1109/ccgrid49817.2020.00-81,David Espinel Sarmiento (Orange (France)); Adrien Lèbre (IMT Atlantique; Laboratoire des Sciences du Numérique de Nantes); Lucas Nussbaum (Université de Lorraine; Laboratoire Lorrain de Recherche en Informatique et ses Applications); Abdelhadi Chari (Orange (France))
10.1109/ccgrid49817.2020.00-80,"Multiverse: Dynamic VM Provisioning for Virtualized High Performance Computing Clusters.. Traditionally, HPC workloads have been deployed in bare-metal clusters; but the advances in virtualization have led the pathway for these workloads to be deployed in virtualized clusters. However, HPC cluster administrators/providers still face challenges in terms of resource elasticity and virtual machine (VM) provisioning at large-scale, due to the lack of coordination between a traditional HPC scheduler and the VM hypervisor (resource management layer). This lack of interaction leads to low cluster utilization and job completion throughput. Furthermore, the VM provisioning delays directly impact the overall performance of jobs in the cluster. Hence, there is a need for effectively provisioning virtualized HPC clusters, which can best-utilize the physical hardware with minimal provisioning overheads.Towards this, we propose Multiverse, a VM provisioning framework, which can dynamically spawn VMs for incoming jobs in a virtualized HPC cluster, by integrating the HPC scheduler along with VM resource manager. We have implemented this framework on the Slurm scheduler along with the vSphere VM resource manager. In order to reduce the VM provisioning overheads, we use instant cloning which shares both the disk and memory with the parent VM, when compared to full VM cloning which has to boot-up a new VM from scratch. Measurements with real-world HPC workloads demonstrate that, instant cloning is 2.5× faster than full cloning in terms of VM provisioning time. Further, it improves resource utilization by up to 40%, and cluster throughput by up to 1.5×, when compared to full clone for bursty job arrival scenarios",Multiverse: Dynamic VM Provisioning for Virtualized High Performance Computing Clusters.,CCGRID,2020,10.1109/ccgrid49817.2020.00-80,Jashwant Raj Gunasekaran (Pennsylvania State University); Michael Cui; Prashanth Thinakaran (Pennsylvania State University); Josh Simons; Mahmut Kandemir (Pennsylvania State University); Chita R. Das (Pennsylvania State University)
10.1109/ccgrid49817.2020.00-79,"BBOS: Efficient HPC Storage Management via Burst Buffer Over-Subscription.. To avoid access to PFS, dedicated BB allocation is preferred despite of severe BB underutilization. Recently, new all-flash HPC storage systems with integrated BB and PFS are proposed, which speed up access to PFS. For this reason, we adopt BB over-subscription allocation method by allowing HPC applications to use BB only for I/O phase for improving BB utilization. Unfortunately, BB over-subscription aggravates I/O interference and demotion overhead from BB to PFS, resulting in degraded performance. To minimize the performance degradation, we develop an I/O scheduler to prevent I/O congestion and a new transparent data management system based on checkpoint/restart characteristics of HPC applications. With the proposed approach, not only the BB utilization can be improved, but also high performance of applications is achieved. In our experiments, we find that BB utilization is improved at least 2.2x, and more stable and higher checkpoint performance is guaranteed compared to other approaches. Besides, we achieve up to 96.4% hit ratio of restart requests on BB and up to 3.1x higher restart performance than others",BBOS: Efficient HPC Storage Management via Burst Buffer Over-Subscription.,CCGRID,2020,10.1109/ccgrid49817.2020.00-79,Hanul Sung (Seoul National University); Jiwoo Bang (Seoul National University); Chungyong Kim (Seoul National University); Hyung‐Sin Kim (Seoul National University); Alex Sim (Lawrence Berkeley National Laboratory); Glenn K. Lockwood (Lawrence Berkeley National Laboratory); Hyeonsang Eom (Seoul National University)
10.1109/ccgrid49817.2020.00-78,"Thermo-Mechanical Coupling Induced Performance Degradation in Storage Systems.. This paper explores the coupling between power/thermal aspects of data center and the vibrations caused by chassis/server fans in environments dominated by mechanical disks. We show that the leakage power and cooling fan induced vibrations could substantially degrade the storage system performance which in turn could lead to a poor performance and high energy consumption. We then propose our Environment Aware Data Control (EADC) management policy that utilizes built-in instrumentation telemetry and fan-speed control to minimize overall energy consumption while providing a better overall performance. Based on actual experimentation with storage servers in Oracle labs, we show that the proposed mechanism can reduce the energy consumption by 63% while simultaneously reducing the IO delay by 60% as compared to the baseline system with no vibration aware controls",Thermo-Mechanical Coupling Induced Performance Degradation in Storage Systems.,CCGRID,2020,10.1109/ccgrid49817.2020.00-78,Sanjeev Sondur (Oracle (United States)); Kenneth C. Gross (Oracle (United States)); Krishna Kant (Temple University)
10.1109/ccgrid49817.2020.00-77,"Efficient Metadata Indexing for HPC Storage Systems.. The increase in data generation rate along with the scale of today’s high performance computing (HPC) storage systems make finding and managing files extremely difficult. Efficient file system metadata indexing and querying tools are needed to ease file system management. Current metadata indexing techniques either use spatial trees or an external database to index metadata. Both approaches have their drawbacks which reduce the performance of indexing and querying the metadata on large scale file systems.In this paper, we have developed Brindexer, a metadata indexing and search tool specifically designed for large-scale HPC storage systems. Brindexer is mainly designed for system administrators to help them manage the file system effectively. It uses a leveled partitioning approach to partition the file system namespace, and has an in-tree design to reduce resource utilization from an external database. Brindexer uses RDBMS for efficient querying of the metadata index database, also uses a changelog-based approach to effectively handle real-time metadata changes and re-index the metadata at regular intervals. We implement and evaluate Brindexer on a 4.8 TB Lustre store and show that it improves the indexing and querying performance by 69% and 91% when compared to state-of-the-art metadata indexing tools",Efficient Metadata Indexing for HPC Storage Systems.,CCGRID,2020,10.1109/ccgrid49817.2020.00-77,Arnab K. Paul (Virginia Tech); Brian Wang; Nathan Rutman; Cory Spitz; Ali R. Butt (Virginia Tech)
10.1109/ccgrid49817.2020.00-76,"DeepFreeze: Towards Scalable Asynchronous Checkpointing of Deep Learning Models.. In the age of big data, deep learning has emerged as a powerful tool to extract insight and exploit its value, both in industry and scientific applications. One common pattern emerging in such applications is frequent checkpointing of the state of the learning model during training, needed in a variety of scenarios: analysis of intermediate states to explain features and correlations with training data, exploration strategies involving alternative models that share a common ancestor, knowledge transfer, resilience, etc. However, with increasing size of the learning models and popularity of distributed data-parallel training approaches, simple checkpointing techniques used so far face several limitations: low serialization performance, blocking I/O, stragglers due to the fact that only a single process is involved in checkpointing. This paper proposes a checkpointing technique specifically designed to address the aforementioned limitations, introducing efficient asynchronous techniques to hide the overhead of serialization and I/O, and distribute the load over all participating processes. Experiments with two deep learning applications (CANDLE and ResNet) on a pre-Exascale HPC platform (Theta) shows significant improvement over state-of-art, both in terms of checkpointing duration and runtime overhead",DeepFreeze: Towards Scalable Asynchronous Checkpointing of Deep Learning Models.,CCGRID,2020,10.1109/ccgrid49817.2020.00-76,Bogdan Nicolae; Jiali Li; Justin M. Wozniak; George Bosilca; Matthieu Dorier; Franck Cappello
10.1109/ccgrid49817.2020.00-75,"Pufferscale: Rescaling HPC Data Services for High Energy Physics Applications.. User-space HPC data services are emerging as an appealing alternative to traditional parallel file systems, because of their ability to be tailored to application needs while eliminating unnecessary overheads incurred by POSIX compliance. The High Energy Physics (HEP) community is progressively turning towards such services to enable high-throughput accesses under heavy concurrency to billions of event data produced by instruments and consumed by subsequent analysis workflows. Such services would benefit from the possibility to be rescaled up and down to adapt to changing workloads, as experimental campaigns progress , in order to optimize resource usage. This paper formalizes rescaling a distributed storage system as a multi objective optimization problem considering three criteria: load balance, data balance, and duration of the rescaling operation. We propose a heuristic for rapidly finding a good approximate solution, while allowing users to weight the criteria as needed. The heuristic is evaluated with Pufferscale, a new rescaling manager for microservice-based distributed storage systems. To validate our approach in a real-world ecosystem, we showcase the use of Pufferscale as a means to enable storage malleability in the HEPnOS storage system for HEP applications",Pufferscale: Rescaling HPC Data Services for High Energy Physics Applications.,CCGRID,2020,10.1109/ccgrid49817.2020.00-75,Nathanaël Cheriere; Matthieu Dorier (Argonne National Laboratory); Gabriel Antoniu; Stefan Wild (Argonne National Laboratory); Sven Leyffer (Argonne National Laboratory); Robert Ross (Argonne National Laboratory)
10.1109/ccgrid49817.2020.00-74,"Parallel I/O on Compressed Data Files: Semantics, Algorithms, and Performance Evaluation.. Many scientific applications operate on data sets that span hundreds of Gigabytes or even Terabytes in size. Large data sets often use compression to reduce the size of the files. Yet as of today, parallel I/O libraries do not support reading and writing compressed files, necessitating either expensive sequential compression/decompression operations before/after the simulation, or omitting advanced features of parallel I/O libraries, such as collective I/O operations. This paper introduces parallel I/O on compressed data files, discusses the key challenges, requirements, and solutions for supporting compressed data files in MPI I/O, as well as limitations on some MPI I/O operations when using compressed data files. The paper details handling of individual read and write operations of compressed data files, and presents an extension to the two-phase collective I/O algorithm to support data compression. The paper further presents and evaluates an implementation based on the Snappy compression library and the OMPIO parallel I/O framework. The performance evaluation using multiple data sets demonstrate significant performance benefits when using data compression on a parallel BeeGFS file system","Parallel I/O on Compressed Data Files: Semantics, Algorithms, and Performance Evaluation.",CCGRID,2020,10.1109/ccgrid49817.2020.00-74,Siddhesh Pratap Singh (University of Houston); Edgar Gabriel (University of Houston)
10.1109/ccgrid49817.2020.00-73,"Tracking scientific simulation using online time-series modelling.. The increase in compute power and complexity of supercomputing systems requires the decrease in the feature size and the supply voltage of internal components. Such development makes unintended errors such as soft errors, potentially caused by random bit flips, inevitable because of the huge size of the resources (such as CPU cores and memory). In this paper, we discuss a non-parametric statistical modelling technique to implement a soft error detector. By exploring temporal autocorrelation within key variables of a running scientific simulation, we introduce an automatic anomaly detection technique in which runtime data from a time-step based simulation can be converted into a time series, and a time series modelling technique can be used to identify soft errors at runtime. Experiments with LAMMPS, a high-performance molecular dynamics simulator, and with PLUTO, an open-source astrophysical code, reveal that the time-series based detector is subjected to less than 3% of both false-positive rate and false-negative rate while incurring only 6% performance overheads",Tracking scientific simulation using online time-series modelling.,CCGRID,2020,10.1109/ccgrid49817.2020.00-73,Minh Ngoc Dinh (RMIT Vietnam); Chien Trung Vo (RMIT Vietnam); David Abramson (University of Queensland)
10.1109/ccgrid49817.2020.00-72,"GAN-ASD: Precise Software Aging State Detection for Android System Based on BEGAN Model and State Clustering.. Software applications may become no response or stop running due to performance degradation, system crashes, or program cumulative failures, after long-term execution in Android system. These phenomena have been validated to be common in mobile systems which is caused by software aging. To handle the software aging dilemma, software rejuvenation is an efficient way. In order to make rejuvenation more efficient, identifying the aging state of Android system precisely is the key point. In this paper, we propose a novel Android system aging state detection method based on the Boundary Equilibrium Generative Adversarial Network (BEGAN) and state clustering technology, which is named as GAN-ASD. The method has three phases: Firstly, Interpolation Clipping Processing is used to processes the time series dataset which is constituted by the sample of Android Aging Indicators. Secondly, according to the time series dataset, BEGAN based generation method will fit the user’s usage habits and generate the dataset which has software aging characteristics. At last, we use the generative dataset to train a K-Means clustering model. With the trained model, we can precisely determine whether the current Android system enters into the aging state or remains in the normal state. In order to validate the effectiveness of the GAN-ASD, we use two evaluation criterion in our comparison experiment. One is rejuvenation coefficient (RC) which evaluates the user experience and the other one is rejuvenation frequency (RF) which evaluates the rejuvenation cost. The results show that our method performs better than the fixed-interval rejuvenation and random rejuvenation operations",GAN-ASD: Precise Software Aging State Detection for Android System Based on BEGAN Model and State Clustering.,CCGRID,2020,10.1109/ccgrid49817.2020.00-72,Zeming Hao (Inner Mongolia University); Jing Liu (Inner Mongolia University)
10.1109/ccgrid49817.2020.00-71,"Using Arm Scalable Vector Extension to Optimize OPEN MPI.. As the scale of high-performance computing (HPC) systems continues to grow, increasing levels of parallelism must be implored to achieve optimal performance. Recently, the processors support wide vector extensions, vectorization becomes much more important to exploit the potential peak performance of target architecture. Novel processor architectures, such as the Armv8-A architecture, introduce Scalable Vector Extension (SVE) - an optional separate architectural extension with a new set of A64 instruction encodings, which enables even greater parallelisms.In this paper, we analyze the usage and performance of the SVE instructions in Arm SVE vector Instruction Set Architecture (ISA); and utilize those instructions to improve the memcpy and various local reduction operations. Furthermore, we propose new strategies to improve the performance of MPI operations including datatype packing/unpacking and MPI reduction. With these optimizations, we not only provide a higher-parallelism for a single node, but also achieve a more efficient communication scheme of message exchanging. The resulting efforts have been implemented in the context of OPEN MPI, providing efficient and scalable capabilities of SVE usage and extending the possible implementations of SVE to a more extensive range of programming and execution paradigms. The evaluation of the resulting software stack under different scenarios with both simulator and Fujitsu’s A64FX processor demonstrates that the solution is at the same time generic and efficient",Using Arm Scalable Vector Extension to Optimize OPEN MPI.,CCGRID,2020,10.1109/ccgrid49817.2020.00-71,Dong Zhong (University of Tennessee at Knoxville); Pavel Shamis (American Rock Mechanics Association); Qinglei Cao (University of Tennessee at Knoxville); George Bosilca (University of Tennessee at Knoxville); Shinji Sumimoto (American Rock Mechanics Association); Kiyotaka Miura (Fujitsu (China)); Jack Dongarra (University of Tennessee at Knoxville)
10.1109/ccgrid49817.2020.00-70,"Energy efficiency and performance modeling of stencil applications on manycore and GPU computing resources.. One of the most critical application areas for many operational High-Performance Computing systems worldwide is a numerical weather prediction. Such complex predictions and corresponding computing models have to solve a large number of Partial Differential Equations using stencil computations on structured grids within tight production schedules. A stencil kernel within simulations is often the most demanding computing part and naturally may impact the energy consumption of the whole HPC system. In this paper, we introduce new functional extensions developed for DCworms and GSSIM simulators to predict the energy efficiency of extreme-scale stencil applications on heterogeneous computing resources, in particular consisting of a large number of many-core and GPUs. New energy-efficiency metrics for modeling of heterogeneous computing resources have been successfully added to the simulators thanks to their pluggable and extensible architectures. Our recent improvements related to application-specific performance models in simulators help users to take into account many relevant application parameters, in particular, those related to detailed energy consumption on heterogeneous HPC resources. We show in this paper how to extract stencil application-specific parameters based on real experiments. Moreover, we demonstrate how those parameters can be applied for modeling and simulation experiments to evaluate the overall performance and energy consumption of stencil computations on manycore CPUs and GPUs. Finally, we discuss new DCworms simulator capabilities and demonstrate added-values of performance analysis tools",Energy efficiency and performance modeling of stencil applications on manycore and GPU computing resources.,CCGRID,2020,10.1109/ccgrid49817.2020.00-70,Krzysztof Kurowski (Poznan Supercomputing and Networking Center); Miłosz Ciżnicki (Poznan Supercomputing and Networking Center); Jan Węglarz (Poznań University of Technology)
10.1109/ccgrid49817.2020.00-69,"Checkpoint Restart Support for Heterogeneous HPC Applications.. As we approach the era of exa-scale computing, fault tolerance is of growing importance. The increasing number of cores as well as the increased complexity of modern heterogenous systems result in substantial decrease of the expected mean time between failures. Among the different fault tolerance techniques, checkpoint/restart is vastly adopted in supercomputing systems. Although many supercomputers in the TOP 500 list use GPUs, only a few checkpoint restart mechanism support GPUs.In this paper, we extend an application level checkpoint library, called fault tolerance interface (FTI), to support multi-node/multi-GPU checkpoints. In contrast to previous work, our library includes a memory manager, which upon a checkpoint invocation tracks the actual location of the data to be stored and handles the data accordingly. We analyze the overhead of the checkpoint/restart procedure and we present a series of optimization steps to massively decrease the checkpoint and recovery time of our implementation. To further reduce the checkpoint time we present a differential checkpoint approach which writes only the updated data to the checkpoint file. Our approach is evaluated and, in the best case scenario, the execution time of a normal checkpoint is reduced by 15x in contrast with a non-optimized version, in the case of differential checkpoint the overhead can drop to 2.6% when checkpointing every 30s",Checkpoint Restart Support for Heterogeneous HPC Applications.,CCGRID,2020,10.1109/ccgrid49817.2020.00-69,Konstantinos Parasyris (Universitat Politècnica de Catalunya; Barcelona Supercomputing Center); Kai Keller (Universitat Politècnica de Catalunya; Barcelona Supercomputing Center); Leonardo Bautista-Gomez (Universitat Politècnica de Catalunya; Barcelona Supercomputing Center); Osman Ünsal (Barcelona Supercomputing Center; Universitat Politècnica de Catalunya)
10.1109/ccgrid49817.2020.00-68,"Marabunta: Continuous Distributed Processing of Skewed Streams.. Current stream processing systems (SPSs) suffer from the imbalanced load and limited parallelism due to skewed data distributions and imbalanced computational resources. We observed that the cause of these problems is current SPSs partition their workloads statically. To address this problem, we design a distributed stream processing system, Marabunta, for skewed stream processing. Marabunta performs dynamic scaling and load balancing automatically at runtime. Large partitions in a skewed data distribution can be processed in parallel or migrated to idle machines to achieve load balancing. Moreover, Marabunta uses a new execution model to accelerate the execution by increases the parallelism and the computational resources utilization. We implemented Marabunta in C++ and optimized it for modern hardware. Our evaluations on typical streaming workloads show that Marabunta achieves higher throughputs and better elasticity with both uniform and skewed datasets compared to the state-of-the-art SPSs, e.g., Flink and Heron",Marabunta: Continuous Distributed Processing of Skewed Streams.,CCGRID,2020,10.1109/ccgrid49817.2020.00-68,Bing Li; Zhibin Zhang; Tianqi Zheng; Qiaoling Zhong; Qun Huang; Xueqi Cheng
10.1109/ccgrid49817.2020.00-67,"Alleviating Load Imbalance in Data Processing for Large-Scale Deep Learning.. Scalable deep learning remains an onerous challenge, as it is constrained by many factors, including those related to load imbalance. For many deep-learning software systems, multiple data-processing components—including neural network training, graph scheduling, input pipeline, and gradient synchronization—execute simultaneously and asynchronously. Such execution can cause the various data-processing components to contend with one another for the hardware resources, leading to severe load imbalance and, in turn, degraded scalability. In this paper, we present an in-depth analysis of state-of-the-art deep-learning software, TensorFlow and Horovod, to understand their scalability limitations. Based on this analysis, we propose four novel solutions that minimize resource contention and improve deep-learning performance by up to 35% for training various neural networks on 24,576 GPUs of the Summit supercomputer at Oak Ridge National Laboratory",Alleviating Load Imbalance in Data Processing for Large-Scale Deep Learning.,CCGRID,2020,10.1109/ccgrid49817.2020.00-67,Sarunya Pumma (Virginia Tech); Daniele Buono (IBM (United States)); Fabio Checconi (IBM (United States)); Xinyu Que (IBM (United States)); Wu-chun Feng (Virginia Tech)
10.1109/ccgrid49817.2020.00-66,"MARBLE: A Multi-GPU Aware Job Scheduler for Deep Learning on HPC Systems.. Deep learning (DL) has become a key tool for solving complex scientific problems. However, managing the multi-dimensional large-scale data associated with DL, especially atop extant multiple graphics processing units (GPUs) in modern supercomputers poses significant challenges. Moreover, the latest high-performance computing (HPC) architectures bring different performance trends in training throughput compared to the existing studies. Existing DL optimizations such as larger batch size and GPU locality-aware scheduling have little effect on improving DL training throughput performance due to fast CPU-to-GPU connections. Additionally, DL training on multiple GPUs scales sublinearly. Thus, simply adding more GPUs to a system is ineffective. To this end, we design MARBLE, a first-of-its-kind job scheduler, which considers the non-linear scalability of GPUs at the intra-node level to schedule an appropriate number of GPUs per node for a job. By sharing the GPU resources on a node with multiple DL jobs, MARBLE avoids low GPU utilization in current multi-GPU DL training on HPC systems. Our comprehensive evaluation in the Summit supercomputer shows that MARBLE is able to improve DL training performance by up to 48.3% compared to the popular Platform Load Sharing Facility (LSF) scheduler. Compared to the state-of-the-art of DL scheduler, Optimus, MARBLE reduces the job completion time by up to 47%",MARBLE: A Multi-GPU Aware Job Scheduler for Deep Learning on HPC Systems.,CCGRID,2020,10.1109/ccgrid49817.2020.00-66,Jingoo Han (Virginia Tech); M. Mustafa Rafique (Rochester Institute of Technology); Ling Xu; Ali R. Butt (Virginia Tech); Seung–Hwan Lim (Oak Ridge National Laboratory); Sudharshan S. Vazhkudai (Oak Ridge National Laboratory)
10.1109/ccgrid49817.2020.00-65,"A NSGA-II-based Approach for Multi-objective Micro-service Allocation in Container-based Clouds.. Micro-services is a widely adopted architecture to develop large scale web applications. To provide a scalable and low-overhead resource service to micro-service applications, the new container-based clouds are proposed. The new clouds use both containers and VMs to manage resources to achieve a low-overhead, high-utilization data center. However, existing resource allocation approaches either do not consider the dependencies between containers or can only be applied in OS-level container clouds which allocate containers directly to physical machines. To address the multi-objective optimization problem, this work proposes a multi-objective NSGA-II to optimize the availability of applications and the energy consumption requirement of container-based clouds. Our goal is to provide solutions with different tradeoffs between two objectives for cloud providers to choose from. We evaluate the algorithm with a wide range of scenarios by simulation and compare with state-of-the-art algorithms. The results show that our approach significantly outperforms other approaches",A NSGA-II-based Approach for Multi-objective Micro-service Allocation in Container-based Clouds.,CCGRID,2020,10.1109/ccgrid49817.2020.00-65,Boxiong Tan; Hui Ma; Yi Mei
10.1109/ccgrid49817.2020.00-64,"Enhancing microservices architectures using data-driven service discovery and QoS guarantees.. Microservices promise the benefits of services with an efficient granularity using dynamically allocated resources. In the current evolving architectures, data producers and consumers are created as decoupled components that support different data objects and quality of service. Actual implementations of service meshes lack support for data-driven paradigms, and focus on goal-based approaches designed to fulfill the general system goal. This diversity of available components demands the integration of users requirements and data products into the discovery mechanism. This paper proposes a data-driven service discovery framework based on profile matching using data-centric service descriptions. We have designed and evaluated a microservices architecture for providing service meshes with a standalone set of components that manages data profiles and resources allocations over multiple geographical zones. Moreover, we demonstrated an adaptation scheme to provide quality of service guarantees. Evaluation of the implementation on a real life testbed shows effectiveness of this approach with stable and fluctuating request incoming rates",Enhancing microservices architectures using data-driven service discovery and QoS guarantees.,CCGRID,2020,10.1109/ccgrid49817.2020.00-64,"Zeina Houmani (École Normale Supérieure de Lyon; Institut national de recherche en informatique et en automatique; Université Claude Bernard Lyon 1; Centre National de la Recherche Scientifique); Daniel Balouek‐Thomert (Rutgers, The State University of New Jersey); Eddy Caron (École Normale Supérieure de Lyon; Institut national de recherche en informatique et en automatique; Université Claude Bernard Lyon 1; Centre National de la Recherche Scientifique); Manish Parashar (Rutgers, The State University of New Jersey)"
10.1109/ccgrid49817.2020.00-63,"FlexGPU: A Flexible and Efficient Scheduler for GPU Sharing Systems.. The graphics processing unit (GPU) is extensively used in diverse domains, such as finance, machine learning, and image processing. The GPU can be underutilized as multiple applications may not share the same GPU concurrently owing to a memory oversubscription issue. For example, when applications that require fewer computational resources but a larger GPU memory are running instantaneously, the GPU memory may be insufficient; consequently, the number of GPU applications running simultaneously is restricted, decreasing GPU utilization. Further, it can even stop the execution of applications that are running on the GPU. To this end, we propose FlexGPU, which schedules the kernels of the GPU applications that run on the same GPU according to their features. This framework 1) schedules the kernel at the launching time according to its features to improve GPU utilization and 2) temporarily checkpoints and restores non-dependent content in the GPU memory to/from the host memory, which avoids oversubscription of the GPU when out-of-memory failure occurs and allows more kernels to run concurrently on the GPU. The experimental results show that compared to existing methods, our approach demonstrates a 7 times improvement in performance in terms of execution time and enables a 2.5 times increase in the concurrent execution of applications",FlexGPU: A Flexible and Efficient Scheduler for GPU Sharing Systems.,CCGRID,2020,10.1109/ccgrid49817.2020.00-63,Qichen Chen; Hyojeong Lee; Heon Y. Yeom; Yongseok Son (Chung-Ang University)
10.1109/ccgrid49817.2020.00-62,"Multi-resource Low-latency Cluster Scheduling without Execution Time Estimation.. Cluster scheduling based on the prior estimation of job execution time is vulnerable to inaccurate estimates. To avoid performance degradation due to this misestimation, recent studies have proposed cluster schedulers that do not rely on prior estimation. However, they do not assume tasks with multitype heterogeneous computing resource demands, resulting in high job latency in real environments. Unfortunately, the optimal scheduling of such tasks is inherently difficult. In this paper, we present a cluster scheduler that heuristically handles multi-type heterogeneous resource demands without prior estimation. To reduce job latency, especially that of short jobs, our scheduler employs two techniques: (1) distributing tasks to nodes based on the similarity between resource demands and availability to simultaneously run as many tasks as possible, and (2) finding a suitable set of tasks for preemption in a node to minimize the number of task preemptions. Experimental evaluations using a real cluster and practical workloads confirm that our scheduler reduced the 90th percentile of slowdown rates by 6.4% and the 99th percentile by 29% compared to a naive extension of Kairos, an existing non-estimation-based scheduler. The experimental results also demonstrate that our scheduler is more effective when workloads have higher heterogeneity in resource demands",Multi-resource Low-latency Cluster Scheduling without Execution Time Estimation.,CCGRID,2020,10.1109/ccgrid49817.2020.00-62,Hidehito Yabuuchi (The University of Tokyo); Takahiro Shinagawa (The University of Tokyo)
10.1109/ccgrid49817.2020.00-61,"Salamander: a Holistic Scheduling of MapReduce Jobs on Ephemeral Cloud Resources.. Most cloud data centers are over-provisioned and underutilized, primarily to handle peak loads and sudden failures. This has motivated many researchers to reclaim the unused resources, which are by nature ephemeral, to run data-intensive applications at a lower cost. Hadoop MapReduce is one of those applications. However, it was designed on the assumption that resources are available as long as users pay for the service. In order to make it possible for Hadoop to run on unused (ephemeral) resources, we have designed a heterogeneity and volatility-aware holistic scheduler consisting of three different components: (1) A MapReduce task and job scheduler that relies on a global vision of resource utilization predictions, (2) a scheduler-based data placement strategy that improves the data locality, and (3) a reactive QoS controller that ensures customers’ service-level agreement (SLA) and minimizes interference between co-located workloads. Our framework makes it possible to take advantage of ephemeral resources efficiently. Indeed, for a given set of jobs, it reduces the overall execution time by up to 47.6% and an average of 18.7% as compared to state-of-the-art strategies",Salamander: a Holistic Scheduling of MapReduce Jobs on Ephemeral Cloud Resources.,CCGRID,2020,10.1109/ccgrid49817.2020.00-61,Mohamed Handaoui; Jean-Emile Dartois; Laurent Lemarchand; Jalil Boukhobza
10.1109/ccgrid49817.2020.00-60,"Performance Evaluation of Security-Aware List Scheduling Algorithms in IaaS Cloud.. Efficient workflow scheduling algorithms are crucial for attaining high performance in large-scale heterogeneous distributed infrastructures, such as cloud computing. List scheduling algorithms are one of the most efficient heuristic methods for assigning task graphs to fully connected heterogeneous systems. However, most existing list-based scheduling algorithms do not consider the applications’ security requirements and the security services offered by cloud providers. In this paper, we extend four list scheduling algorithms for security-aware workflow scheduling in the IaaS cloud. The idea of the extension is to consider the security overheads in both tasks prioritizing phase and virtual machine selection phase of the four original algorithms. Based on real-world applications, we evaluate the performance of the proposed algorithms in terms of scheduling length, speedup and efficiency",Performance Evaluation of Security-Aware List Scheduling Algorithms in IaaS Cloud.,CCGRID,2020,10.1109/ccgrid49817.2020.00-60,Hamza Djigal (Hohai University); Jun Feng (Hohai University); Jiamin Lu (Hohai University)
10.1109/ccgrid49817.2020.00-59,"Predictable Efficiency for Reconfiguration of Service-Oriented Systems with Concerto.. Dynamic reconfiguration of distributed software systems is nowadays gaining interest because of the emergence of dynamic IoT and smart applications as well as large scale dynamic infrastructures (e.g., Fog and Edge computing). When quality of service and experience is of prime importance, efficient reconfiguration is necessary, as well as performance predictability to decide when a reconfiguration should occur. This paper tackles the problem of efficient execution of a reconfiguration plan and its predictability with Concerto, a reconfiguration model supporting a high level of parallelism. Evaluation performed on synthetic cases and on two real production scenarios show that Concerto provides better performance than state-of- the-art systems with accurate time estimation",Predictable Efficiency for Reconfiguration of Service-Oriented Systems with Concerto.,CCGRID,2020,10.1109/ccgrid49817.2020.00-59,Maverick Chardet (IMT Atlantique; Laboratoire des Sciences du Numérique de Nantes); Hélène Coullon (IMT Atlantique; Laboratoire des Sciences du Numérique de Nantes); Christian Pérez (École Normale Supérieure de Lyon; Université Claude Bernard Lyon 1; Centre National de la Recherche Scientifique)
10.1109/ccgrid49817.2020.00-58,"CSR2: A New Format for SIMD-accelerated SpMV.. SpMV (Sparse matrix-vector multiplication) has attracted the attention of researchers in related fields at home and abroad. Of course, improving SpMV performance has also been a research hot spot for researchers in related fields. In this paper, we propose a new sparse matrix storage format CSR2 (Compressed Sparse Row 2) suitable for SIMD (Single Instruction Multiple Data)-accelerated SpMV. First, the format operation of CSR2 is easy to implement and has a low overhead of conversion. Second, CSR2 is a new single format and suitable for use on processor platforms with SIMD vectorization. We compare the SpMV algorithm based on CSR21 with the one based on the current most advanced single format CSR5 (Compressed Sparse Row 5) on two mainstream high-performance processors: Intel Core i7-7700HQ CPU and Intel Xeon CPU E5-2670 v3. We choose 10 sets of regular matrices and 3 sets of irregular matrices to be used as benchmark suit. Experiments show that for the 13 sets of regular and irregular matrices in the benchmark suite, CSR2 has an average performance improvement of more than 50% compared to CSR5 (up to 125% on Intel Core i77700HQ CPU and 303% on Intel Xeon CPU E5-2670 v3). For applications with multiple iterations, in reality, using our CSR2 can bring low-overhead format conversion and high-throughput computing performance",CSR2: A New Format for SIMD-accelerated SpMV.,CCGRID,2020,10.1109/ccgrid49817.2020.00-58,Haodong Bian (Qinghai University); Jianqiang Huang (Qinghai University); Runting Dong (Qinghai University); Lingbin Liu (Qinghai University); Xiaoying Wang (Qinghai University)
10.1109/ccgrid49817.2020.00-57,"Trua: Efficient Task Replication for Flexible User-defined Availability in Scientific Grids.. Failure is inevitable in scientific computing. As scientific applications and facilities increase their scales over the last decades, finding the root cause of a failure can be very complex or at times nearly impossible. Different scientific computing customers have varying availability demands as well as a diverse willingness to pay for availability. In contrast to existing solutions that try to provide higher and higher availability in scientific grids, we propose a model called Task Replication for Userdefined Availability (Trua). Trua provides flexible, user-defined, availability in scientific grids, allowing customers to express their desire for availability to computational providers. Trua differs from existing task replication approaches in two folds. First, it relies on the historic failure information collected from the virtual layer of the scientific grids. The reliability model for the failures can be represented with a bimodal Johnson distribution which is different from any existing distributions. Second, it adopts an anomaly detector to filter out anomalous failures; it additionally adopts novel selection algorithms to mitigate the effects of temporary and spatial correlations of the failures without knowing the root cause of the failures. We apply the Trua on real-world traces collected from the Open Science Grid (OSG). Our results show that the Trua can successfully meet user-defined availability demands",Trua: Efficient Task Replication for Flexible User-defined Availability in Scientific Grids.,CCGRID,2020,10.1109/ccgrid49817.2020.00-57,Zhe Zhang (University of Nebraska–Lincoln); Brian Bockelman (Morgridge Institute for Research); Derek Weitzel (University of Nebraska–Lincoln); Xinkai Zhang (University of Nebraska–Lincoln); Hamid Vakilzadian (University of Nebraska–Lincoln); David Swanson (University of Nebraska–Lincoln)
10.1109/ccgrid49817.2020.00-56,"In Datacenter Performance, The Only Constant Is Change.. All computing infrastructure suffers from performance variability, be it bare-metal or virtualized. This phenomenon originates from many sources: some transient, such as noisy neighbors, and others more permanent but sudden, such as changes or wear in hardware, changes in the underlying hypervisor stack, or even undocumented interactions between the policies of the computing resource provider and the active workloads. Thus, performance measurements obtained on clouds, HPC facilities, and, more generally, datacenter environments are almost guaranteed to exhibit performance regimes that evolve over time, which leads to undesirable nonstationarities in application performance. In this paper, we present our analysis of performance of the bare-metal hardware available on the CloudLab testbed where we focus on quantifying the evolving performance regimes using changepoint detection. We describe our findings, backed by a dataset with nearly 6.9M benchmark results collected from over 1600 machines over a period of 2 years and 9 months. These findings yield a comprehensive characterization of real-world performance variability patterns in one computing facility, a methodology for studying such patterns on other infrastructures, and contribute to a better understanding of performance variability in general","In Datacenter Performance, The Only Constant Is Change.",CCGRID,2020,10.1109/ccgrid49817.2020.00-56,Dmitry Duplyakin (University of Utah); Alexandru Uta (Vrije Universiteit Amsterdam); Aleksander Maricq (University of Utah); Robert Ricci (University of Utah)
10.1109/ccgrid49817.2020.00-55,"Performance Comparison of Terraform and Cloudify as Multicloud Orchestrators.. Studies indicate that by 2022 multicloud models will reach 75% of the cloud computing market. To handle the high-featured set of computing capability on this paradigm, often called ""Sky Computing"", infrastructure tools such as cloud orchestrators has emerged. This paper analyzes the most referenced tools in the literature such as Cloudify, Heat, CloudFormation, Terraform and Cloud Assembly, as well as the TOSCA standard. The literature review, complemented by a practical experiment, revealed that Terraform and Cloudify presents great affinity with Sky Computing scenarios. In the experiment Terraform outperformed Cloudify in several aspects",Performance Comparison of Terraform and Cloudify as Multicloud Orchestrators.,CCGRID,2020,10.1109/ccgrid49817.2020.00-55,Leonardo Rebouças de Carvalho (Universidade de Brasília); Aletéia Araújo (Universidade de Brasília)
10.1109/ccgrid49817.2020.00-54,"Cross Architectural Power Modelling.. Existing power modelling research focuses on the model rather than the process for developing models. An automated power modelling process that can be deployed on different processors for developing power models with high accuracy is developed. For this, (i) an automated hardware performance counter selection method that selects counters best correlated to power on both ARM and Intel processors, (ii) a noise filter based on clustering that can reduce the mean error in power models, and (iii) a two stage power model that surmounts challenges in using existing power models across multiple architectures are proposed and developed. The key results are: (i) the automated hardware performance counter selection method achieves comparable selection to the manual method reported in the literature, (ii) the noise filter reduces the mean error in power models by up to 55%, and (iii) the two stage power model can predict dynamic power with less than 8% error on both ARM and Intel processors, which is an improvement over classic models",Cross Architectural Power Modelling.,CCGRID,2020,10.1109/ccgrid49817.2020.00-54,Kai Chen (Queen's University Belfast); Peter Kilpatrick (Queen's University Belfast); Dimitrios S. Nikolopoulos (Virginia Tech); Blesson Varghese (Queen's University Belfast)
